pod_institution,marc_code,oclc_code,registry_name,registry_url
brown,,AS#,Brown University — John Hay Library,https://registry.worldcat.org/registry/Institutions/88446
brown,,RBN,Brown University — Brown University Library,https://registry.worldcat.org/registry/Institutions/105271
brown,RPB-JH,,Brown University — John Hay Library,https://registry.worldcat.org/registry/Institutions/88446
brown,RPJCB,,Brown University — Brown University Library,https://registry.worldcat.org/registry/Institutions/105271
chicago,,CGU,University of Chicago,https://www.oclc.org/research/activities/shares/partners/cgu.html
chicago,,IAB,University of Chicago — John Crerar Library,
chicago,ICU,,University of Chicago Library,https://registry.worldcat.org/registry/Institutions/110147
chicago,ICU-L,,University of Chicago — D'Angelo Law Library,https://registry.worldcat.org/registry/Institutions/4456
chicago,,ILUCL,University of Chicago Laboratory School,https://registry.worldcat.org/registry/Institutions/4455
chicago,,ILUCP,University of Chicago Press,https://registry.worldcat.org/registry/Institutions/134968
chicago,,KEH,University of Chicago — D'Angelo Law Library,https://registry.worldcat.org/registry/Institutions/4456
columbia,,AVERY,"Columbia University, Avery Architectural & Fine Arts Library",https://registry.worldcat.org/registry/Institutions/143787
columbia,,I7L,"Columbia University, Institute for Learning Tech — Teachers College, Institute for Learning Tech",https://registry.worldcat.org/registry/Institutions/3852
columbia,,LXC,Columbia University in the City of New York — School of Library Science,https://registry.worldcat.org/registry/Institutions/3853
columbia,NNC,,Columbia University in the City of New York — Preservation II,https://registry.worldcat.org/registry/Institutions/4864
columbia,NNC-EA,,Columbia University in the City of New York — East Asian Library,https://registry.worldcat.org/registry/Institutions/4859
columbia,NNC-M,,Columbia University Irving Medical Center — Augustus C. Long Health Sciences Library,https://registry.worldcat.org/registry/Institutions/3857
columbia,NNC-RB,,Columbia University in the City of New York — Bakhmeteff Archive,https://registry.worldcat.org/registry/Institutions/3850
columbia,NNC-T,,Columbia University in the City of New York — Teacher's College,https://registry.worldcat.org/registry/Institutions/3851
columbia,,PR@,Columbia University in the City of New York — Preservation II,https://registry.worldcat.org/registry/Institutions/4864
columbia,,PR0,Columbia University in the City of New York — Preservation,https://registry.worldcat.org/registry/Institutions/113638
columbia,,RQO,"Columbia University, Latin American Project",https://registry.worldcat.org/registry/Institutions/141683
columbia,,RW4,Columbia University in the City of New York — Bakhmeteff Archive,https://registry.worldcat.org/registry/Institutions/3850
columbia,,UCVJL,The School at Columbia University,https://registry.worldcat.org/registry/Institutions/86447
columbia,,VVT,Columbia University in the City of New York — Teacher's College,https://registry.worldcat.org/registry/Institutions/3851
columbia,,ZCA,Columbia University in the City of New York — East Asian Library,https://registry.worldcat.org/registry/Institutions/4859
columbia,,ZCH,Columbia University Irving Medical Center — Augustus C. Long Health Sciences Library,https://registry.worldcat.org/registry/Institutions/3857
columbia,,ZCL,Columbia University in the City of New York — Columbia University Libraries,https://registry.worldcat.org/registry/Institutions/4865
columbia,,ZCU,Columbia University in the City of New York — Columbia University Libraries,https://registry.worldcat.org/registry/Institutions/4861
cornell,,6FS,Cornell University Library — Veterinary Library (Flower-Sprecher Veterinary Library),https://registry.worldcat.org/registry/Institutions/89001
cornell,,AX0,Cornell University Library — Mann Library (Albert R. Mann Library),https://registry.worldcat.org/registry/Institutions/3916
cornell,,CLR,Cornell University Library — Industrial and Labor Relations Library (Martin P. Catherwood Library),https://registry.worldcat.org/registry/Institutions/88614
cornell,,COO,Cornell University Library,https://registry.worldcat.org/registry/Institutions/3913
cornell,,CW1,Cornell University Library — Hotel School Library (Nestlé Library),https://registry.worldcat.org/registry/Institutions/88607
cornell,NIC,,Cornell University Library,https://registry.worldcat.org/registry/Institutions/3913
cornell,NNCorM,,Weill Cornell Medical College of Cornell University — Samuel J. Wood Library & C.V. Starr Biomedical Information Center,https://registry.worldcat.org/registry/Institutions/1881
cornell,NNOD,,Weill Cornell Medical College - Oskar Diethelm Library — DeWitt Wallace Institute for the History of Psychiatry,https://registry.worldcat.org/registry/Institutions/86432
cornell,,ODM,Weill Cornell Medical College - Oskar Diethelm Library — DeWitt Wallace Institute for the History of Psychiatry,https://registry.worldcat.org/registry/Institutions/86432
cornell,,VYC,Weill Cornell Medical College of Cornell University — Samuel J. Wood Library & C.V. Starr Biomedical Information Center,https://registry.worldcat.org/registry/Institutions/1881
dartmouth,,DRB,Dartmouth Library,https://registry.worldcat.org/registry/Institutions/1742
duke,,CANDD,Duke University Library Coll Analysis,https://registry.worldcat.org/registry/Institutions/4056
duke,NcD,,Duke University Libraries — Duke University Library; Perkins Library,https://registry.worldcat.org/registry/Institutions/2106
duke,NcD-B,,"Fuqua School of Business Library, Duke University",https://registry.worldcat.org/registry/Institutions/4055
duke,NcD-L,,"Duke University, Law Library — J. Michael Goodson Law Library",https://registry.worldcat.org/registry/Institutions/5065
duke,NcD-MC,,Duke University Medical Center Library — Medical Center Library & Archives,https://registry.worldcat.org/registry/Institutions/4057
duke,,NCDUP,Duke University Press,https://registry.worldcat.org/registry/Institutions/143132
duke,,NDB,"Fuqua School of Business Library, Duke University",https://registry.worldcat.org/registry/Institutions/4055
duke,,NDD,Duke University Libraries — Duke University Library; Perkins Library,https://registry.worldcat.org/registry/Institutions/2106
duke,,NDDGB,Duke University Libraries Group Batchload,https://registry.worldcat.org/registry/Institutions/274252
duke,,NDK,Duke University Medical Center Library — Medical Center Library & Archives,https://registry.worldcat.org/registry/Institutions/4057
duke,,NDL,"Duke University, Law Library — J. Michael Goodson Law Library",https://registry.worldcat.org/registry/Institutions/5065
harvard,,BHA,Harvard Divinity School Library,https://registry.worldcat.org/registry/Institutions/4751
harvard,,BOH,Harvard University — Botany Libraries,https://registry.worldcat.org/registry/Institutions/89179
harvard,,CLS,Harvard University — Cabot Science Library,https://registry.worldcat.org/registry/Institutions/4755
harvard,DCHS,,"Harvard University, Center for Hellenic Studies — CHS Library",https://registry.worldcat.org/registry/Institutions/3981
harvard,,FLL,Harvard University — Frances Loeb Library,https://registry.worldcat.org/registry/Institutions/89198
harvard,,HCH,"Harvard University, Center for Hellenic Studies — CHS Library",https://registry.worldcat.org/registry/Institutions/3981
harvard,,HFL,"Harvard University — Fine Arts Library, Harvard University",https://registry.worldcat.org/registry/Institutions/3736
harvard,,HHG,Harvard University — Houghton Library,https://registry.worldcat.org/registry/Institutions/89201
harvard,,HMG,"Harvard University — Education School, Gutman Library",https://registry.worldcat.org/registry/Institutions/4757
harvard,,HMM,"Harvard University, Wadsworth House",https://registry.worldcat.org/registry/Institutions/132934
harvard,,HMR,Harvard University — Murray Research Center,https://registry.worldcat.org/registry/Institutions/3737
harvard,,HMS,"Harvard University — Medical School, Countway Library",https://registry.worldcat.org/registry/Institutions/4745
harvard,,HMU,Harvard University — Loeb Music Library,https://registry.worldcat.org/registry/Institutions/3752
harvard,,HMZ,Harvard University — Ernst Mayr Library of the Museum of Comparative Zoology and Harvard Botany Libraries,https://registry.worldcat.org/registry/Institutions/3748
harvard,,HRA,Harvard University — Archives,https://registry.worldcat.org/registry/Institutions/3741
harvard,,HTV,The Harvard University Center for Italian Renaissance Studies. Biblioteca Berenson - Villa I Tatti — Biblioteca Berenson - Villa I Tatti,https://registry.worldcat.org/registry/Institutions/89973
harvard,,HUL,Harvard University — Harvard Library,https://registry.worldcat.org/registry/Institutions/73876
harvard,,HUPRS,Harvard University Press — Loeb Classical Library,https://registry.worldcat.org/registry/Institutions/148532
harvard,,HVL,Harvard Law School Library — HLS Library,https://registry.worldcat.org/registry/Institutions/3744
harvard,ItFB,,The Harvard University Center for Italian Renaissance Studies. Biblioteca Berenson - Villa I Tatti — Biblioteca Berenson - Villa I Tatti,https://registry.worldcat.org/registry/Institutions/89973
harvard,,KSG,Harvard University — John F. Kennedy School of Government Library,https://registry.worldcat.org/registry/Institutions/4754
harvard,,LH$,"Harvard University, Hilles Library",https://registry.worldcat.org/registry/Institutions/3740
harvard,,MAMES,"Harvard University, Center Middle Eastern Studies",https://registry.worldcat.org/registry/Institutions/73908
harvard,MBCo,,"Harvard University — Medical School, Countway Library",https://registry.worldcat.org/registry/Institutions/4745
harvard,MCR-S,,Harvard University — Schlesinger Library,https://registry.worldcat.org/registry/Institutions/3738
harvard,,MCS,Harvard University — Arnold Arboretum,https://registry.worldcat.org/registry/Institutions/4753
harvard,MH,,"Harvard University, Library Technology Services",https://registry.worldcat.org/registry/Institutions/3742
harvard,MH-A,,Harvard University — Arnold Arboretum,https://registry.worldcat.org/registry/Institutions/4753
harvard,MH-AH,,Harvard University — Harvard Divinity School Library,https://registry.worldcat.org/registry/Institutions/89199
harvard,MH-Ar,,Harvard University — Archives,https://registry.worldcat.org/registry/Institutions/3741
harvard,MH-CS,,Harvard University — Cabot Science Library,https://registry.worldcat.org/registry/Institutions/4755
harvard,MH-Ed,,"Harvard University — Education School, Gutman Library",https://registry.worldcat.org/registry/Institutions/4757
harvard,MH-FA,,"Harvard University — Fine Arts Library, Harvard University",https://registry.worldcat.org/registry/Institutions/3736
harvard,MH-H,,Harvard University — Houghton Library,https://registry.worldcat.org/registry/Institutions/89201
harvard,MH-KG,,Harvard University — John F. Kennedy School of Government Library,https://registry.worldcat.org/registry/Institutions/4754
harvard,MH-L,,Harvard Law School Library — HLS Library,https://registry.worldcat.org/registry/Institutions/3744
harvard,MH-Mu,,Harvard University — Loeb Music Library,https://registry.worldcat.org/registry/Institutions/3752
harvard,MH-P,,Harvard University — Tozzer Library,https://registry.worldcat.org/registry/Institutions/4752
harvard,MH-SD,,Harvard University — Frances Loeb Library,https://registry.worldcat.org/registry/Institutions/89198
harvard,MH-Z,,Harvard University — Ernst Mayr Library of the Museum of Comparative Zoology and Harvard Botany Libraries,https://registry.worldcat.org/registry/Institutions/3748
harvard,,MHUAM,Harvard University Art Museum,https://registry.worldcat.org/registry/Institutions/100400
harvard,,SLR,Harvard University — Schlesinger Library,https://registry.worldcat.org/registry/Institutions/3738
harvard,,SYS,"Harvard University, Library Technology Services",https://registry.worldcat.org/registry/Institutions/3742
harvard,,TOZ,Harvard University — Tozzer Library,https://registry.worldcat.org/registry/Institutions/4752
jhu,,J2H,"Johns Hopkins University, SAIS Europe — Robert H. Evans Library, SAIS Europe",https://registry.worldcat.org/registry/Institutions/74059
jhu,,J5M,"Johns Hopkins University, Montgomery County Center",https://registry.worldcat.org/registry/Institutions/4989
jhu,,JHA,"Johns Hopkins University, Applied Physics Lab — JHU/APL",https://registry.worldcat.org/registry/Institutions/4984
jhu,,JHE,Johns Hopkins University — Sheridan Libraries and the Milton S. Eisenhower Library,https://registry.worldcat.org/registry/Institutions/1278
jhu,,JHP,Peabody Institute of the Johns Hopkins University,https://cmc.wp.musiclibraryassoc.org/wp-content/uploads/sites/5/2024/03/BIBCO-Music-Funnel-Directory-240207.pdf
jhu,,JHUPR,Johns Hopkins University Press,https://registry.worldcat.org/registry/Institutions/40612
jhu,MdBJ,,Johns Hopkins University — Sheridan Libraries and the Milton S. Eisenhower Library,https://registry.worldcat.org/registry/Institutions/1278
jhu,MdBJ-A,,"Johns Hopkins University, Applied Physics Lab — JHU/APL",https://registry.worldcat.org/registry/Institutions/4984
jhu,MdBmJPML,,"Arthur Friedheim Music Library, Peabody Institute of The Johns Hopkins University",https://id.loc.gov/vocabulary/organizations/mdbmjpml
jhu,MdBPC,,Peabody Conservatory of Music,https://id.loc.gov/vocabulary/organizations/mdbpc
mit,,B30,MIT Press Journals,https://registry.worldcat.org/registry/Institutions/40556
mit,,INMIT,MIT College of Engineering,https://registry.worldcat.org/registry/Institutions/130429
mit,,LIN,MIT Lincoln Laboratory — Massachusetts Institute of Technology Lincoln Laboratory,https://registry.worldcat.org/registry/Institutions/4767
mit,,MAMIT,MIT Alumni Association,https://registry.worldcat.org/registry/Institutions/144483
mit,MCM,,MIT Libraries — Massachusetts Institute of Technology Libraries,https://registry.worldcat.org/registry/Institutions/110366
mit,,MITPR,MIT Press,https://registry.worldcat.org/registry/Institutions/29868
mit,,MYG,MIT Libraries — Massachusetts Institute of Technology Libraries,https://registry.worldcat.org/registry/Institutions/110366
mit,,RQB,"MIT, Technical Public ARL Recon — MIT, TECH PUBL ARL RECON",https://registry.worldcat.org/registry/Institutions/131897
mit,,SGMIT,Singapore-MIT Alliance for Research and Technology (SMART) Centre,https://registry.worldcat.org/registry/Institutions/267611
penn,,DRP,"University of Pennsylvania, Center Judaic Studies",https://registry.worldcat.org/registry/Institutions/3957
penn,,PA8,University of Pennsylvania — Archives & Records Center,https://registry.worldcat.org/registry/Institutions/4940
penn,,PAM,"University of Pennsylvania, School of Medicine",https://registry.worldcat.org/registry/Institutions/91566
penn,,PAU,University of Pennsylvania Libraries — Penn Libraries,https://registry.worldcat.org/registry/Institutions/2583
penn,,PLL,University of Pennsylvania Biddle Law Library — Biddle Law Library,https://registry.worldcat.org/registry/Institutions/89028
penn,PPAnR,,"University of Pennsylvania, Center Judaic Studies",https://registry.worldcat.org/registry/Institutions/3957
penn,PU,,University of Pennsylvania Libraries — Penn Libraries,https://registry.worldcat.org/registry/Institutions/2583
penn,PU-Ar,,University of Pennsylvania — Archives & Records Center,https://registry.worldcat.org/registry/Institutions/4940
penn,PU-L,,University of Pennsylvania Biddle Law Library — Biddle Law Library,https://registry.worldcat.org/registry/Institutions/89028
penn,PU-Med,,"University of Pennsylvania, School of Medicine",https://registry.worldcat.org/registry/Institutions/91566
penn,,RIA,"University of Pennsylvania, Institute on Aging Library",https://registry.worldcat.org/registry/Institutions/3956
princeton,,FG1,"Princeton University, Romance Languages",https://registry.worldcat.org/registry/Institutions/4820
princeton,,FSPUL,PRINCETON UNIVERSITY - FS  SANDBOX — PRINCETON UNIV - FS SANDBOX,https://registry.worldcat.org/registry/Institutions/131976
princeton,NjP,,Princeton University Library — Firestone Library,https://registry.worldcat.org/registry/Institutions/1791
princeton,,P2L,Princeton University Latin American Pamphlet Collection,https://registry.worldcat.org/registry/Institutions/86612
princeton,,PRNCT,Princeton University Press,https://registry.worldcat.org/registry/Institutions/30469
princeton,,PUL,Princeton University Library — Firestone Library,https://registry.worldcat.org/registry/Institutions/1791
princeton,,PULEA,Princeton University — East Asian Library,https://registry.worldcat.org/registry/Institutions/4819
stanford,,CASUM,Stanford University Lane Medical Library,https://registry.worldcat.org/registry/Institutions/5678
stanford,CSt,,Stanford University — Cecil H. Green Library,https://registry.worldcat.org/registry/Institutions/3227
stanford,CSt-H,,Stanford University — Hoover Institution Library & Archives,https://registry.worldcat.org/registry/Institutions/91156
stanford,CSt-Law,,Stanford University Law School — Robert Crown Law Library,https://registry.worldcat.org/registry/Institutions/5681
stanford,,HIN,Stanford University — Hoover Institution Library & Archives,https://registry.worldcat.org/registry/Institutions/91156
stanford,,RCJ,Stanford University Law School — Robert Crown Law Library,https://registry.worldcat.org/registry/Institutions/5681
stanford,,S7Z,Stanford University — Graduate School of Business,https://registry.worldcat.org/registry/Institutions/5677
stanford,,ST2,"Stanford University, Interlibrary Service",https://registry.worldcat.org/registry/Institutions/113589
stanford,,STF,Stanford University — Cecil H. Green Library,https://registry.worldcat.org/registry/Institutions/3227
stanford,,STFGB,Stanford University Library Group Batchload,https://registry.worldcat.org/registry/Institutions/132448
yale,,4H7,Yale School of Drama Library,https://registry.worldcat.org/registry/Institutions/4798
yale,,BLY,"Yale University, Blackstone Collection",https://registry.worldcat.org/registry/Institutions/86517
yale,CtY,,Yale University Library,https://registry.worldcat.org/registry/Institutions/544
yale,CtY-A,,"Yale University, Art & Architecture Library",https://registry.worldcat.org/registry/Institutions/3797
yale,CtY-C,,"Yale University, Chemistry Library — Chemistry Library",https://registry.worldcat.org/registry/Institutions/3792
yale,CtY-D,,Yale University — Divinity School Library,https://registry.worldcat.org/registry/Institutions/3799
yale,CtY-FS,,"Yale University, Forestry Library",https://registry.worldcat.org/registry/Institutions/3791
yale,CtY-KS,,Yale University — Kline Science Library,https://registry.worldcat.org/registry/Institutions/4797
yale,CtY-L,,Yale University — Law School Library,https://registry.worldcat.org/registry/Institutions/4800
yale,CtY-M,,Yale University — Harvey Cushing/John Hay Whitney Medical Library,https://registry.worldcat.org/registry/Institutions/90336
yale,CtY-Mus,,Yale University — Music Library,https://registry.worldcat.org/registry/Institutions/3796
yale,,EB0,Yale University Library,https://registry.worldcat.org/registry/Institutions/106551
yale,,EHRAF,Human Relations Area Files (HRAF) at Yale University,https://registry.worldcat.org/registry/Institutions/5409
yale,,GXK,"Yale University, Anthropology Library",https://registry.worldcat.org/registry/Institutions/3790
yale,,GXL,"Yale University, Art & Architecture Library",https://registry.worldcat.org/registry/Institutions/3797
yale,,GXN,"Yale University, Chemistry Library — Chemistry Library",https://registry.worldcat.org/registry/Institutions/3792
yale,,GXO,"Yale University, Engineer & Applied Science Library",https://registry.worldcat.org/registry/Institutions/4799
yale,,GXP,"Yale University, Forestry Library",https://registry.worldcat.org/registry/Institutions/3791
yale,,GXQ,Yale University — Kline Science Library,https://registry.worldcat.org/registry/Institutions/4797
yale,,GXR,Yale University — Law School Library,https://registry.worldcat.org/registry/Institutions/4800
yale,,GXS,"Yale University, Mathematics Library",https://registry.worldcat.org/registry/Institutions/3795
yale,,GXU,"Yale University, Ornithology Library",https://registry.worldcat.org/registry/Institutions/3789
yale,,GXV,Yale University — Statistics Library,https://registry.worldcat.org/registry/Institutions/3793
yale,OAkU-L,,"Yale University, Blackstone Collection",https://registry.worldcat.org/registry/Institutions/86517
yale,,RQP,"Yale University, Latin American Project",https://registry.worldcat.org/registry/Institutions/3798
yale,,SGYNC,Yale-NUS College Library,https://registry.worldcat.org/registry/Institutions/142477
yale,,YRT,Yale University — Seeley G Mudd Library,https://registry.worldcat.org/registry/Institutions/3794
yale,,YU#,Yale University — Divinity School Library,https://registry.worldcat.org/registry/Institutions/3799
yale,,YUM,Yale University — Harvey Cushing/John Hay Whitney Medical Library,https://registry.worldcat.org/registry/Institutions/90336
yale,,YUS,Yale University Library,https://registry.worldcat.org/registry/Institutions/544
yale,,YUSGB,Yale University Group Batchload,https://registry.worldcat.org/registry/Institutions/132444
yale,,YUU,Yale University — Music Library,https://registry.worldcat.org/registry/Institutions/3796
